Tres	Una	1OK7 Escherichia coli	4S3I Helicobacter pylori	4TR6 Bacillus subtilis	4TR8 Pseudomonas aeruginosa	4TRT Deinococcus radiodurans	5AGV Mycobacterium tuberculosis | Streptomyces muensis	5WCE Caulobacter vibrioides	2IJX Sulfolobus solfataricus	1RWZ Archeoglobus fulgidus	5DAI Thermococcus kodakarensis	3IFV Haloferax volcanii	5A6D Thermococcus gammatolerans	3AIZ Sulfolobus tokodaii	2OD8 Saccharomyces cerevisiae	2ZVV Arabidopsis thaliana	4HK1 Drosophila melanogaster	5H0T Leishmania donovani	3VKX Homo sapiens
Ala	(A)	7.7	5.3	5.8	6	10.2	11.9	10.5	5.3	7.8	6.8	11.3	6.8	4	5.3	5	8.8	7.9	7.3
Arg	(R)	6.8	1.3	4.5	7.4	7.6	6.5	7.3	3.3	4.9	4.8	4.5	4	2.4	3.4	3.1	3.5	4.5	3.1
Asn	(N)	3.8	4	4	4.1	3.6	2.2	2.7	4.9	1.6	2.8	2.4	2	4	4.2	2.3	5	3.8	4.6
Asp	(D)	5.2	6.1	6.1	5.7	5.6	6.5	7.3	7.4	7.8	6.4	11.3	7.2	7.3	8.4	10.5	7.7	7.9	6.9
Cys	(C)	1.1	1.1	0.3	0.5	0.3	0.2	0.3	0	0.4	0	0.4	0	0	1.5	1.6	3.5	2.1	2.3
Gln	(Q)	4.4	3.2	4.2	5.7	2.8	1	2.4	3.3	0.4	0.8	1.2	0.4	1.6	1.5	3.5	4.2	2.7	3.1
Glu	(E)	7.9	8.6	8.7	8.2	7.1	6	7	10.2	10.2	15.3	8.5	14.9	7.7	7.6	7.4	7.3	7.9	8.8
Gly	(G)	6.8	3.2	4	7.6	9.2	9.5	7	4.5	5.7	6	6.5	5.6	5.2	5.3	4.7	4.2	6.2	5.4
His	(H)	1.9	2.4	1.1	1.6	2	0.5	1.1	0.8	1.6	0	2.4	0.4	0	1.5	0.8	1.2	1	1.1
Ile	(I)	4.1	8.8	10.3	4.9	3.3	3.2	6.5	7.8	10.2	7.6	8.1	7.2	8.9	6.8	9.3	5.8	4.1	5.4
Leu	(L)	11.7	12	10.1	13.6	12.2	12.7	9.7	9.4	7.8	12	12.1	12.4	10.5	9.5	12.4	9.2	9.6	11.1
Lys	(K)	3.3	10.7	6.3	3.3	3.6	2.5	3.5	8.2	7.8	7.6	2.8	8	10.9	6.1	7	6.2	6.5	6.1
Met	(M)	4.1	2.4	1.1	1.9	1.5	1.5	2.2	1.6	2.9	3.6	2.8	3.2	1.2	4.9	2.3	5	3.1	3.8
Phe	(F)	3.8	6.4	3.7	3	4.1	3.2	3.8	5.3	4.9	6	2	6	3.2	3.8	6.6	4.2	3.8	3.1
Pro	(P)	5.5	3.2	4.8	3.8	5.3	6.7	6.2	2	3.3	3.6	3.6	3.6	3.2	3.4	3.1	2.3	2.4	2.7
Ser	(S)	6.3	10.7	8.2	6	7.4	6.7	5.6	9.4	6.5	3.6	6.1	4.4	8.9	10.3	9.3	6.9	9.9	9.6
Thr	(T)	4.9	5.3	6.9	4.9	4.6	7.2	5.4	3.3	4.1	5.2	4.9	6	9.3	6.1	4.7	6.2	4.5	4.6
Trp	(W)	0.3	0	0.3	0	0.3	0.5	0	0	0	0	0	0	0.4	0	0	0	0.3	0.4
Tyr	(Y)	1.9	1.9	1.6	1.9	1.8	1.5	2.2	2.9	2	1.6	2	1.6	3.2	2.7	1.6	1.9	3.1	2.7
Val	(V)	8.5	3.7	8.2	9.8	7.6	10	9.7	10.2	10.2	6	6.9	6	8.1	7.6	5	6.9	8.9	8
Pyl	(O)	0	0	0	0	0	0	0	0	0	0	0	0	0	0	0	0	0	0
Sec	(U)	0	0	0	0	0	0	0	0	0	0	0	0	0	0	0	0	0	0
		100	100.3	100.2	99.9	100.1	100	100.4	99.8	100.1	99.7	99.8	99.7	100	99.9	100.2	100	100.2	100.1
